[{"@type":"mappingTemplate","id":"@1","name":"m_R2H_XML_WITH_SPLIT_EXAMPLE","description":"This code will split the xml and generate a multiple file with multiple XMLs in it.   ","autoExpireObject":false,"bundleVersion":"0","assetFrsGuid":"1XcAXB0whmQjuUPgldZA65","templateId":"@3","deployTime":1768574751000,"hasParameters":false,"valid":true,"fixedConnection":true,"hasParametersDeployed":false,"fixedConnectionDeployed":true,"isSchemaValidationEnabled":false,"tasks":1,"mappingPreviewFileRecordId":"@2","documentType":"MAPPING","allowMaxFieldLength":false,"specialCharacterSupport":false,"references":[{"@type":"reference","refObjectId":"@dK77oPlIZMfhVNC6AdEQQe","refType":"hschema"},{"@type":"reference","refObjectId":"@7YI3tWLOBGphpkT3cBmIyt","refType":"connection"},{"@type":"reference","refObjectId":"@cGoUvKHESUMi359dsVf3Op","refType":"connection"}]}]