[{"@type":"mappingTemplate","id":"@1","name":"m_R2H_XML_WITHOUT_SPLIT_EMP_EXAMPLE","description":"This code will not split the xml and generate a single file with multiple XMLs in it.","autoExpireObject":false,"bundleVersion":"0","assetFrsGuid":"gk9qSX7O6sDevyUfkKoO6i","templateId":"@3","deployTime":1767823017000,"hasParameters":false,"valid":true,"fixedConnection":true,"hasParametersDeployed":false,"fixedConnectionDeployed":true,"isSchemaValidationEnabled":false,"tasks":1,"mappingPreviewFileRecordId":"@2","documentType":"MAPPING","allowMaxFieldLength":false,"specialCharacterSupport":false,"references":[{"@type":"reference","refObjectId":"@7YI3tWLOBGphpkT3cBmIyt","refType":"connection"},{"@type":"reference","refObjectId":"@3sPtzPinQHUlBGoQNRIwCw","refType":"hschema"},{"@type":"reference","refObjectId":"@cGoUvKHESUMi359dsVf3Op","refType":"connection"}]}]